id,name,description,price,category,image
1,paquete x 8 Mediano,aguacate hass en tres estados de maduracion medianos para consumo programado,8400,PRODUCTOS NUEVOS,
2,paquete x 7 premium,aguacate hass en tres estados de maduracion medianos para consumo programado,12800,PRODUCTOS NUEVOS,
3,Promo paga 2 lleva tres,Aguacate Pinton y maduro,48000,PRODUCTOS NUEVOS,
4,x100 gr,"El ajo es un antibiótico natural, mejora la circulación, ayuda al cuidado de la piel, sirve como un anticancerígeno, purifica la sangre en las arterias, dolores de garganta.",1500,Productos,
5,x50gr,"El ajo es un antibiótico natural, mejora la circulación, ayuda al cuidado de la piel, sirve como un anticancerígeno, purifica la sangre en las arterias, dolores de garganta.",800,Productos,
6,Grande x500gr,"El ajo es un antibiótico natural, mejora la circulación, ayuda al cuidado de la piel, sirve como un anticancerígeno, purifica la sangre en las arterias, dolores de garganta.",6000,Productos,
7,X125grs,Los usos tradicionales de esta planta son muy variados e incluyen las flores para el tratamiento de diversos problemas incluyendo los siguientes. Sistema circulatorio. Alta presión sanguínea. Niveles altos de grasa en la sangre. Contra la diabetes. Obesidad. El té sin azúcar se usa en México contra la tos.,25800,Productos,
8,X50 grs,Los usos tradicionales de esta planta son muy variados e incluyen las flores para el tratamiento de diversos problemas incluyendo los siguientes. Sistema circulatorio. Alta presión sanguínea. Niveles altos de grasa en la sangre. Contra la diabetes. Obesidad. El té sin azúcar se usa en México contra la tos.,9900,Productos,
9,X500 grs,,7900,Productos,
10,Dos bandejas 1000gr (Ahorro),,13900,Productos,
11,Granada,"La granada ofrece múltiples beneficios: mejora la salud gastrointestinal y sexual, favorece la salud cardíaca y cutánea, fortalece el sistema inmunitario, y contribuye a una buena salud neurológica y a la prevención de la pérdida de memoria.",0,Productos,
12,x 125 grs,,6400,Productos,
13,X500 ml,Concentrado líquido para preparar bebidas sabor a limón,3800,Productos,
14,X1000ml,Concentrado líquido para preparar bebidas sabor a limón,6900,Productos,
15,X500 ml,Concentrado líquido para preparar bebidas sabor a mango,3600,Productos,
16,X1000ml,Concentrado líquido para preparar bebidas sabor a mango,6900,Productos,
17,X1000ml,Concentrado líquido para preparar bebidas sabor a coco,7900,Productos,
18,X500 ml,Concentrado líquido para preparar bebidas sabor a coco,3600,Productos,
19,Zumo lulo concentrado,Concentrado líquido para preparar bebidas sabor a lulo,0,Productos,
20,X125grs,"Los dátiles son una fruta sabrosa y saludable, y aportan una buena dosis de energía gracias a sus múltiples propiedades beneficiosas",13900,Productos,
21,X250grs,"Los dátiles son una fruta sabrosa y saludable, y aportan una buena dosis de energía gracias a sus múltiples propiedades beneficiosas",25900,Productos,
22,Mediano,"Los dátiles son una fruta sabrosa y saludable, y aportan una buena dosis de energía gracias a sus múltiples propiedades beneficiosas",0,Productos,
23,X1 Unidad,"La lechuga morada es baja en sodio y en calorías, y por lo general es más saludable que la lechuga verde. Proporciona mucha vitamina A, vitamina K y potasio. La vitamina A tiene muchas funciones",5600,Productos,
24,X 2 unidades,"La lechuga morada es baja en sodio y en calorías, y por lo general es más saludable que la lechuga verde. Proporciona mucha vitamina A, vitamina K y potasio. La vitamina A tiene muchas funciones",9900,Productos,
25,Bandeja,"La ciruelas son una fruta ricas en fibra, poseen gran cantidad de agua y evitan la retención de líquidos. Son poco calóricas y contienen vitaminas del grupo B, A, E y K; fósforo, sodio, magnesio, calcio, cobre, boro y zinc.",10000,Productos,
26,Pequeño x100 gr,"El adobo es un super alido en la cocina ya que permite que las carnes tengan una fibra más tierna y jugosa, con un aroma apetitoso y una textura blanda.",0,Productos,
27,X 500 grs,"La papa criolla cruda es antiinflamatoria, desintoxicante y rica en vitaminas y minerales que fortalecen la salud digestiva, inmunológica y cardiovascular.",3500,Productos,
28,X 1000 grs,"La papa criolla cruda es antiinflamatoria, desintoxicante y rica en vitaminas y minerales que fortalecen la salud digestiva, inmunológica y cardiovascular.",5800,Productos,
29,X 500 grs,"La papa sabanera es fuente de energía (carbohidratos), vitaminas C y B6, potasio y fibra. Beneficia el sistema inmune, la digestión y la salud cardiovascular.",3500,Productos,
30,X 1000 grs,"La papa sabanera es fuente de energía (carbohidratos), vitaminas C y B6, potasio y fibra. Beneficia el sistema inmune, la digestión y la salud cardiovascular.",5800,Productos,
31,X 90 grs,"Los pistachos son nutritivos y benefician la salud cardiovascular, regulan el azúcar en sangre, aportan antioxidantes, mejoran el ánimo y la digestión.",11500,Productos,
32,X 250 grs,"Los pistachos son nutritivos y benefician la salud cardiovascular, regulan el azúcar en sangre, aportan antioxidantes, mejoran el ánimo y la digestión.",25000,Productos,
33,Unidad,"La cidra es una fruta baja en calorías y rica en fibra, vitaminas y minerales. Ayuda a mejorar la salud cardiovascular, controlar la diabetes, fortalecer el sistema inmunológico y favorecer la digestión. Además, tiene propiedades antioxidantes y antiinflamatorias.",2000,Productos,
34,X 1000gr Ahorro,"El Ajo tiene entre sus propiedades medicinales naturales la peculiaridad de combatir infecciones respiratorias, dilata los bronquios, fluidifica las mucosas, estimula el sistema inmunológico",6500,Productos,
35,X 200grs,"El Ajo tiene entre sus propiedades medicinales naturales la peculiaridad de combatir infecciones respiratorias, dilata los bronquios, fluidifica las mucosas, estimula el sistema inmunológico",4200,Productos,
36,X 400gr(Ahorro),"El Ajo tiene entre sus propiedades medicinales naturales la peculiaridad de combatir infecciones respiratorias, dilata los bronquios, fluidifica las mucosas, estimula el sistema inmunológico",7900,Productos,
37,X 500grs,Pepino Europeo,9000,Productos,
38,X 1000gr,Pepino Europeo,17500,Productos,
39,X 500grs,Es buena para el corazón. Ayuda a mantener un peso ideal. Ayuda a controlar el azúcar. Elimina virus y parásitos.,6500,Productos,
40,X 1000gr,Es buena para el corazón. Ayuda a mantener un peso ideal. Ayuda a controlar el azúcar. Elimina virus y parásitos.,11800,Productos,
41,X5 unidades,,79900,Productos Varios,
42,X1 Unidad,,17000,Productos Varios,
43,x1kilo,,8800,Productos Varios,
44,Bandeja x 1000 grs,,12800,Productos Varios,
45,Bandeja x 500 grs,,6500,Productos Varios,
46,(2)bandejas 500g,Raíz china en bandeja,5900,Productos Varios,
47,Bandeja x 250g,Raíz china en bandeja,3500,Productos Varios,
48,2 Bandejas x125gr c/u (Ahorro),,12300,Productos Varios,
49,X 1000 ml,"El aceite de coco es beneficioso por sus propiedades antimicrobianas, mejora la salud cardiovascular, ayuda a quemar grasa, hidrata piel y cabello, y apoya la función cerebral. Es un aliado natural para la salud y el cuidado personal.",56000,Productos Varios,
50,X 500 ml,"El aceite de coco es beneficioso por sus propiedades antimicrobianas, mejora la salud cardiovascular, ayuda a quemar grasa, hidrata piel y cabello, y apoya la función cerebral. Es un aliado natural para la salud y el cuidado personal.",30000,Productos Varios,
51,X 250 ml,"El aceite de coco es beneficioso por sus propiedades antimicrobianas, mejora la salud cardiovascular, ayuda a quemar grasa, hidrata piel y cabello, y apoya la función cerebral. Es un aliado natural para la salud y el cuidado personal.",20500,Productos Varios,
52,X 105 ml,"El aceite de coco es beneficioso por sus propiedades antimicrobianas, mejora la salud cardiovascular, ayuda a quemar grasa, hidrata piel y cabello, y apoya la función cerebral. Es un aliado natural para la salud y el cuidado personal.",15000,Productos Varios,
53,X500 grs,"El corozo es una fruta rica en vitaminas A y C, minerales como magnesio e hierro, y antioxidantes que benefician la salud visual, el sistema inmunológico y el corazón. Además, ayuda a controlar el colesterol, el azúcar en sangre y puede aumentar la hemoglobina, siendo un aliado para la salud integral.",8500,Productos Varios,
54,X1000 grs,"El corozo es una fruta rica en vitaminas A y C, minerales como magnesio e hierro, y antioxidantes que benefician la salud visual, el sistema inmunológico y el corazón. Además, ayuda a controlar el colesterol, el azúcar en sangre y puede aumentar la hemoglobina, siendo un aliado para la salud integral.",15000,Productos Varios,
55,X 500 grs,"Los cubios son un tubérculo nutritivo que fortalece el sistema inmunológico, mejora la salud renal y cardiovascular, ayuda en la digestión y tiene propiedades antiinflamatorias y antimicrobianas.",3600,Productos Varios,
56,X 1000 grs,"Los cubios son un tubérculo nutritivo que fortalece el sistema inmunológico, mejora la salud renal y cardiovascular, ayuda en la digestión y tiene propiedades antiinflamatorias y antimicrobianas.",6900,Productos Varios,
57,X500 ml,Concentrado líquido para preparar bebidas sabor a cereza,4600,Concentrados,
58,X1000ml,Concentrado líquido para preparar bebidas sabor a cereza,7900,Concentrados,
59,X1000ml,Concentrado líquido para preparar bebidas sabor a Maracuya,9000,Concentrados,
60,X500 ml,Concentrado líquido para preparar bebidas sabor a Maracuya,4500,Concentrados,
61,X500 ml,Concentrado líquido para preparar bebidas sabor a Naranja,4600,Concentrados,
62,X1000ml,Concentrado líquido para preparar bebidas sabor a Naranja,7900,Concentrados,
63,Mediano x250gr,Selección de aguacates frescos de alta calidad.,0,Frutas Frescas,
64,Grande x500gr,Selección de aguacates frescos de alta calidad.,0,Frutas Frescas,
65,Unidad,"La sandía baby es una excelente fuente de hidratación debido a su alto contenido de agua. También aporta vitaminas A y C, potasio y magnesio, que son esenciales para el crecimiento.",7800,Frutas Frescas,
66,Unidad,"Es una fruta rica en antioxidantes, vitaminas y minerales que ayudan a combatir la inflamación, aumentar las defensas del organismo y controlar los niveles de azúcar en sangre",10000,Frutas Frescas,
67,Unidad,Es una planta originaria de América del Sur que es conocida por sus grandes beneficios nutricionales que ayudan para tratamientos complementarios de algunas enfermedades.,0,Frutas Frescas,
68,Unidad,"Esta fruta es un alimento energético, alcalinizante, depurativo, tonificante y capaz de estimular el sistema nervioso. Además, tiene un bajo contenido calórico por lo que es recomendable consumirla en caso de querer bajar de peso.",5000,Frutas Frescas,
69,Unidad,"El durazno es una fruta de múltiples propiedades medicinales. con piel aterciopelada, sabor dulce y delicado, el durazno es una fruta con múltiples beneficios para la salud.",0,Frutas Frescas,
70,x125grs,No description provided.,15000,Frutas Frescas,
71,x250grs (Ahorro),No description provided.,28000,Frutas Frescas,
72,x125,No description provided.,12000,Frutas Frescas,
73,x250 Ahorro,No description provided.,21900,Frutas Frescas,
74,X125 grs,"Las cerezas son una fruta rica en antioxidantes como las antocianinas y el ácido ascórbico, es decir, vitamina C. Estos antioxidantes combaten los radicales libres en nuestro cuerpo, ayudando a proteger nuestras células del estrés oxidativo y previniendo enfermedades crónicas. Además, contienen compuestos antiinflamatorios naturales, como las antocianinas y los flavonoides, que pueden ayudar a reducir la inflamación en el cuerpo",10900,Frutas Frescas,
75,X 250grs,"Las cerezas son una fruta rica en antioxidantes como las antocianinas y el ácido ascórbico, es decir, vitamina C. Estos antioxidantes combaten los radicales libres en nuestro cuerpo, ayudando a proteger nuestras células del estrés oxidativo y previniendo enfermedades crónicas. Además, contienen compuestos antiinflamatorios naturales, como las antocianinas y los flavonoides, que pueden ayudar a reducir la inflamación en el cuerpo",19900,Frutas Frescas,
76,X500grs,Uva verde importada sin semilla,20000,Frutas Frescas,
77,X1000 grs (Ahorro),Uva verde importada sin semilla,38500,Frutas Frescas,
78,Kiwis premium x bandeja x450grs,"Beneficios del consumo de kiwi Entre los analizados se encuentra su papel beneficioso como antioxidante y para mejorar la función inmunitaria, la mejora de la función del tracto digestivo y respiratorio, y la mejora del estado de ánimo.",11000,Frutas Frescas,
79,x2 bandejas x900grs (Ahorro),"Beneficios del consumo de kiwi Entre los analizados se encuentra su papel beneficioso como antioxidante y para mejorar la función inmunitaria, la mejora de la función del tracto digestivo y respiratorio, y la mejora del estado de ánimo.",20500,Frutas Frescas,
80,Lulos premium x 500 gr,Tiene propiedades diuréticas Aumenta cantidad y calidad de formación de cabello y uñas Fortalece los huesos Disminuye colesterol malo Facilita eliminación del ácido úrico Fortalece las defensas Ayuda a mejorar enfermedades nerviosas,3900,Frutas Frescas,
81,x500grs,Tiene propiedades diuréticas Aumenta cantidad y calidad de formación de cabello y uñas Fortalece los huesos Disminuye colesterol malo Facilita eliminación del ácido úrico Fortalece las defensas Ayuda a mejorar enfermedades nerviosas,4900,Frutas Frescas,
82,x1000grs (Ahorro),Tiene propiedades diuréticas Aumenta cantidad y calidad de formación de cabello y uñas Fortalece los huesos Disminuye colesterol malo Facilita eliminación del ácido úrico Fortalece las defensas Ayuda a mejorar enfermedades nerviosas,8500,Frutas Frescas,
83,x250grs,"La uchuva no solo ayuda a regular el tránsito intestinal, también posee propiedades diuréticas que contribuyen a eliminar toxinas acumuladas en el organismo previniendo además problemas de retención de líquidos. Su poder depurativo hace que también sea recomendable para mantener la salud renal.",4500,Frutas Frescas,
84,x500grs (Ahorro),"La uchuva no solo ayuda a regular el tránsito intestinal, también posee propiedades diuréticas que contribuyen a eliminar toxinas acumuladas en el organismo previniendo además problemas de retención de líquidos. Su poder depurativo hace que también sea recomendable para mantener la salud renal.",7900,Frutas Frescas,
85,kilo,"El mangostino Fortalece el sistema inmune, muy necesario en los tiempos actuales. Al ser un poderoso antioxidante te ayudará a neutralizar los radicales libres y así proteger la integridad celular",19000,Frutas Frescas,
86,x1000grs (Ahorro),"El mango es una fruta versátil, su ingesta diaria puede ayudar a prevenir cáncer de seno, de la sangre (leucemia), de próstata y de colon, combate la sequedad ocular, ayuda a la absorción de hierro,",6900,Frutas Frescas,
87,x1000grs (Ahorro),"El mango es una fruta versátil, su ingesta diaria puede ayudar a prevenir cáncer de seno, de la sangre (leucemia), de próstata y de colon, combate la sequedad ocular, ayuda a la absorción de hierro,",6000,Frutas Frescas,
88,x500grs,"El mango es una fruta versátil, su ingesta diaria puede ayudar a prevenir cáncer de seno, de la sangre (leucemia), de próstata y de colon, combate la sequedad ocular, ayuda a la absorción de hierro,",3700,Frutas Frescas,
89,X 1kilo,"En Taiwán, utilizan su fruta para mejorar los niveles de azúcar en sangre en pacientes con hipoglucemia. Disminuye los niveles sanguíneos de triglicéridos, colesterol y lípidos de baja densidad.",15500,Frutas Frescas,
90,X2 kilos,"En Taiwán, utilizan su fruta para mejorar los niveles de azúcar en sangre en pacientes con hipoglucemia. Disminuye los niveles sanguíneos de triglicéridos, colesterol y lípidos de baja densidad.",28500,Frutas Frescas,
91,X1 Unidad,"La granada ofrece múltiples beneficios: mejora la salud gastrointestinal y sexual, favorece la salud cardíaca y cutánea, fortalece el sistema inmunitario, y contribuye a una buena salud neurológica y a la prevención de la pérdida de memoria.",17000,Frutas Frescas,
92,X5 unidades,"La granada ofrece múltiples beneficios: mejora la salud gastrointestinal y sexual, favorece la salud cardíaca y cutánea, fortalece el sistema inmunitario, y contribuye a una buena salud neurológica y a la prevención de la pérdida de memoria.",79900,Frutas Frescas,
93,x1000 grs,,8800,Frutas Frescas,
94,Unidad,El Aloe Vera generar propiedades astringentes ayudan a eliminar la suciedad y la grasa acumulada en los poros. Aporta hidratación a la piel sin dar grasa. Regenera la piel y favorece la eliminación de los granitos,0,Productos Variados,
95,Unidad,"Las zarzamoras ademas de ser una fruta rica en propiedades tambien se caracteriza porque aporta diversos beneficios para la salud, ayudando a prevenir enfermedades, como la diabetes, presión alta, etc, debido a sus propiedades antiinflamatorias y antioxidantes.",0,Productos Variados,
96,Bandeja,"La Cúrcuma es un potente antiinflamatorio es útil para tratar el dolor y las enfermedades inflamatorias como artritis, artrosis, etc. Previene el parkinson y el alzhéimer. Ademas de darle un excelente sabor a las comidad.",3500,Productos Variados,
97,Kilo,"La Cúrcuma es un potente antiinflamatorio es útil para tratar el dolor y las enfermedades inflamatorias como artritis, artrosis, etc. Previene el parkinson y el alzhéimer. Ademas de darle un excelente sabor a las comidad.",6800,Productos Variados,
98,Unidad,"Las arvejas son ricas en proteínas y carbohidratos, bajas en grasa y constituyen una buena fuente de fibra, vitaminas A, B y C; cuando se consumen frescas o refrigeradas, suministran tiamina y hierro.",10000,Productos Variados,
99,Unidad,"Las habichuelas son legumbres que pertenecen a un grupo de alimentos indispensables dentro de una dieta equilibrada, gracias sobretodo a los diferentes beneficios y propiedades nutricionales que aportan.",4500,Productos Variados,
100,Unidad,Germinados de Cilantro,6700,Germinados,
101,Unidad,Germinados de Remolacha,6700,Germinados,
102,Unidad,Germinados de Alfalfa,6700,Germinados,
103,Unidad,Germinados de Repollo,6700,Germinados,
104,Unidad,Germinados de Rábano,6700,Germinados,
105,Paquete,"Mezcla de zanahoria, frijol, alverja y otros vegetales listos para sopa.",3600,Picados para sopa,
106,Unidad,,22900,Otros Productos,
107,Unidad,,28800,Otros Productos,
108,x120 grs,"La miel es buena para la salud porque es rica en energía, antioxidantes, vitaminas y minerales. También ayuda a fortalecer el sistema inmunológico y tiene propiedades antiinflamatorias y antibacterianas.",5500,Otros Productos,
109,x240 grs(Ahorro),"La miel es buena para la salud porque es rica en energía, antioxidantes, vitaminas y minerales. También ayuda a fortalecer el sistema inmunológico y tiene propiedades antiinflamatorias y antibacterianas.",9900,Otros Productos,
110,Frasco Grande,"La miel es buena para la salud porque es rica en energía, antioxidantes, vitaminas y minerales. También ayuda a fortalecer el sistema inmunológico y tiene propiedades antiinflamatorias y antibacterianas.",49200,Otros Productos,
111,X 140 grs,"Jengibre También se utiliza para los vértigos, náuseas y mareos de viaje, trastornos circulatorios y del riego sanguíneo, dolores y espasmos musculares, así como para los trastornos gástricos y digestivos. Desde la Antigüedad, el jengibre también se considera un afrodisíaco",4900,Otros Productos,
112,X250gr,"Jengibre También se utiliza para los vértigos, náuseas y mareos de viaje, trastornos circulatorios y del riego sanguíneo, dolores y espasmos musculares, así como para los trastornos gástricos y digestivos. Desde la Antigüedad, el jengibre también se considera un afrodisíaco",8900,Otros Productos,
113,X50 grs,Los usos tradicionales de esta planta son muy variados e incluyen las flores para el tratamiento de diversos problemas incluyendo los siguientes. Sistema circulatorio. Alta presión sanguínea. Niveles altos de grasa en la sangre. Contra la diabetes. Obesidad. El té sin azúcar se usa en México contra la tos.,7900,Otros Productos,
114,X250grs,Los usos tradicionales de esta planta son muy variados e incluyen las flores para el tratamiento de diversos problemas incluyendo los siguientes. Sistema circulatorio. Alta presión sanguínea. Niveles altos de grasa en la sangre. Contra la diabetes. Obesidad. El té sin azúcar se usa en México contra la tos.,25800,Otros Productos,
115,X500grs,Los usos tradicionales de esta planta son muy variados e incluyen las flores para el tratamiento de diversos problemas incluyendo los siguientes. Sistema circulatorio. Alta presión sanguínea. Niveles altos de grasa en la sangre. Contra la diabetes. Obesidad. El té sin azúcar se usa en México contra la tos.,50900,Otros Productos,
116,x100 gr,"El ajo es un antibiótico natural, mejora la circulación, ayuda al cuidado de la piel, sirve como un anticancerígeno, purifica la sangre en las arterias, dolores de garganta,",1500,Otros Productos,
117,x50gr,"El ajo es un antibiótico natural, mejora la circulación, ayuda al cuidado de la piel, sirve como un anticancerígeno, purifica la sangre en las arterias, dolores de garganta,",800,Otros Productos,
118,Grande x500gr,"El ajo es un antibiótico natural, mejora la circulación, ayuda al cuidado de la piel, sirve como un anticancerígeno, purifica la sangre en las arterias, dolores de garganta,",6000,Otros Productos,
119,X 1 bandeja,"El abichuelín es nutritivo, ayuda a controlar el azúcar y el colesterol, mejora la digestión y protege el corazón.",3200,Vegetales,
120,X 2 bandejas,"El abichuelín es nutritivo, ayuda a controlar el azúcar y el colesterol, mejora la digestión y protege el corazón.",6200,Vegetales,
121,Unidad,"El maíz dulce es rico en fibra, vitaminas (A, C y del grupo B) y minerales como potasio y hierro. Ayuda a mejorar la digestión, controlar el azúcar en sangre, proteger el corazón y la vista gracias a sus antioxidantes. Además, es un alimento energético y sin gluten, ideal para una dieta saludable.",7500,Vegetales,
122,X 1 bandeja,"El pimentón amarillo es rico en vitamina C, antioxidantes y fibra, lo que fortalece el sistema inmunológico, protege la vista, mejora la digestión y ayuda en el control de peso. Además, aporta minerales esenciales y tiene propiedades antiinflamatorias.",4500,Vegetales,
123,X 2 Bandejas,"El pimentón amarillo es rico en vitamina C, antioxidantes y fibra, lo que fortalece el sistema inmunológico, protege la vista, mejora la digestión y ayuda en el control de peso. Además, aporta minerales esenciales y tiene propiedades antiinflamatorias.",8000,Vegetales,
124,Paquete,"El ají guajillo aporta vitaminas y antioxidantes, tiene propiedades antiinflamatorias, mejora la circulación, acelera el metabolismo y facilita la digestión.",9000,Vegetales,
125,X500 grs(Ahorro),"Protege la vista. La vitamina A mejora nuestra visión, ayuda a proteger nuestros ojos de enfermedades degenerativas o ceguera nocturna. Mejora la circulación sanguínea. ... Cuida la piel. ... Evita el estreñimiento. ... Diurético. ... Antioxidante. ...",12800,Vegetales,
126,x 500gr,"Protege la vista. La vitamina A mejora nuestra visión, ayuda a proteger nuestros ojos de enfermedades degenerativas o ceguera nocturna. Mejora la circulación sanguínea. ... Cuida la piel. ... Evita el estreñimiento. ... Diurético. ... Antioxidante. ...",5000,Vegetales,
127,x1000gr Ahorro,"Protege la vista. La vitamina A mejora nuestra visión, ayuda a proteger nuestros ojos de enfermedades degenerativas o ceguera nocturna. Mejora la circulación sanguínea. ... Cuida la piel. ... Evita el estreñimiento. ... Diurético. ... Antioxidante. ...",9500,Vegetales,
128,X 500 gr,"Protege la vista. La vitamina A mejora nuestra visión, ayuda a proteger nuestros ojos de enfermedades degenerativas o ceguera nocturna. Mejora la circulación sanguínea. ... Cuida la piel. ... Evita el estreñimiento. ... Diurético. ... Antioxidante. ...",4900,Vegetales,
129,X 1000gr Ahorro,"Protege la vista. La vitamina A mejora nuestra visión, ayuda a proteger nuestros ojos de enfermedades degenerativas o ceguera nocturna. Mejora la circulación sanguínea. ... Cuida la piel. ... Evita el estreñimiento. ... Diurético. ... Antioxidante. ...",8500,Vegetales,
130,X 500grs,"Recomendados para: Favorece la formación de colágeno, huesos y dientes. Favorece el crecimiento de: cabello, visión, uñas, mucosas. Sistema inmunológico. ... Transmisión y generación del impulso nervioso y muscular. Por su vitamina E como uno de los grandes antioxidantes aliados contra el cáncer.",4900,Vegetales,
131,X 1000gr (Ahorro),"Recomendados para: Favorece la formación de colágeno, huesos y dientes. Favorece el crecimiento de: cabello, visión, uñas, mucosas. Sistema inmunológico. ... Transmisión y generación del impulso nervioso y muscular. Por su vitamina E como uno de los grandes antioxidantes aliados contra el cáncer.",8900,Vegetales,
132,X1Unidad,,6500,Vegetales,
133,X2 unidades (Ahorro),,11500,Vegetales,
134,X1 Unidad,,4800,Vegetales,
135,X2 unidades (Ahorro),,8500,Vegetales,
136,X2 unidades (Ahorro),"La lechuga romana es rica en vitaminas y minerales, como la vitamina A, C, K, B1, B2 y B3. Además, en lo que respecta a los minerales",7900,Vegetales,
137,X1 Unidad,"La lechuga romana es rica en vitaminas y minerales, como la vitamina A, C, K, B1, B2 y B3. Además, en lo que respecta a los minerales",4700,Vegetales,
138,X500grs,"Se ha usado para aliviar la tos, el resfrío, el catarro y el asma. Pero más recientemente sus propiedades curativas han sido atribuidas a un componente llamado sulfuro de propilo, que se cree tiene un efecto similar al de la insulina",4500,Vegetales,
139,X1000grs,"Se ha usado para aliviar la tos, el resfrío, el catarro y el asma. Pero más recientemente sus propiedades curativas han sido atribuidas a un componente llamado sulfuro de propilo, que se cree tiene un efecto similar al de la insulina",7800,Vegetales,
140,Unidad,Batata Rosada,10900,Vegetales,
141,X200,Zanahoria baby bandeja,6800,Vegetales,
142,X400grs (Ahorro),Zanahoria baby bandeja,11900,Vegetales,
143,Una unidad,Lechuga Batavia unidad x 700 grs,4500,Vegetales,
144,Dos unidades (Ahorro),Lechuga Batavia unidad x 700 grs,7900,Vegetales,
145,1 kilo,Auyama sakata x kilo (1-2) Unidades,4000,Vegetales,
146,2 kilos (Ahorro),Auyama sakata x kilo (1-2) Unidades,7700,Vegetales,
147,x 50 g,"El ají chipotle ayuda a aliviar el dolor, mejora la circulación, acelera el metabolismo, fortalece el sistema inmunológico y favorece la respiración. Además, aporta vitaminas y antioxidantes.",9000,Chiles y Ajíes,
148,x 50g,"El ají ancho es rico en vitaminas A y C, mejora la digestión, acelera el metabolismo, tiene propiedades antiinflamatorias y ayuda a proteger el sistema inmunológico.",9000,Chiles y Ajíes,
149,Unidad,,8900,Chiles y Ajíes,
150,X1,Vino siboney y galletas navideñas,11900,Navidad,
151,X6,Vino siboney y galletas navideñas,69900,Navidad,
152,X1 Unidad,"Aguacates seleccionados para consumo individual o en pequeña cantidad, de alta calidad.",39300,Aguacates,
153,X3 unidades domi gratis ahorro,"Aguacates seleccionados para consumo individual o en pequeña cantidad, de alta calidad.",114900,Aguacates,
154,Caja de 24 unidades *mediano* en 3 diferentes estados de maduracion para toda la semana,"Caja de aguacates Hass de tamaño mediano (24 unidades), en tres estados de maduración para toda la semana. La unidad sale a $608. El aguacate tiene numerosas propiedades y beneficios para la salud, destacando su beneficio para el corazón por su contenido de ácido oleico que reduce el colesterol malo y aumenta el bueno.",16600,Aguacates,
155,Caja de 12 unidades *Premium* en 3 diferentes estados de maduracion para toda la semana,"Caja de aguacates Premium (12 unidades), en tres estados de maduración para toda la semana. La unidad sale a $1658. El aguacate tiene numerosas propiedades y beneficios para la salud, destacando su beneficio para el corazón por su contenido de ácido oleico que reduce el colesterol malo y aumenta el bueno.",24700,Aguacates,
156,Caja de 7 unidades injerto *mediano*,"Caja de aguacates de injerto (7 unidades), en tres estados de maduración para tener fruta toda la semana. Puede incluir cualquier variedad semil o papelillo según disponibilidad. El aguacate tiene numerosas propiedades y beneficios para la salud, destacando su beneficio para el corazón por su contenido de ácido oleico que reduce el colesterol malo y aumenta el bueno.",24000,Aguacates,
157,Paquete X 12 Unidades baby,"El paquete viene En tres estados de maduración para que tengas fruta toda la semana El aguacate tiene numerosas propiedades y beneficios para la salud. Pero, sin duda, la más destacable es lo saludable que es para el corazón. Esto es debido a que contiene ácido oleico. Esta grasa monoinsaturada logra reducir el colesterol malo o LDL y aumentar el bueno o HDL.",7900,Aguacates,
158,Paquete x 8 unidades mediano,"El paquete viene En tres estados de maduración para que tengas fruta toda la semana El aguacate tiene numerosas propiedades y beneficios para la salud. Pero, sin duda, la más destacable es lo saludable que es para el corazón. Esto es debido a que contiene ácido oleico. Esta grasa monoinsaturada logra reducir el colesterol malo o LDL y aumentar el bueno o HDL.",8900,Aguacates,
159,Paquete x4 unidades premium,"El paquete viene En tres estados de maduración para que tengas fruta toda la semana El aguacate tiene numerosas propiedades y beneficios para la salud. Pero, sin duda, la más destacable es lo saludable que es para el corazón. Esto es debido a que contiene ácido oleico. Esta grasa monoinsaturada logra reducir el colesterol malo o LDL y aumentar el bueno o HDL.",9900,Aguacates,
160,Paquete 4 Unidades(injerto) mediano,"El paquete viene En tres estados de maduración para que tengas fruta toda la semana El aguacate tiene numerosas propiedades y beneficios para la salud. Pero, sin duda, la más destacable es lo saludable que es para el corazón. Esto es debido a que contiene ácido oleico. Esta grasa monoinsaturada logra reducir el colesterol malo o LDL y aumentar el bueno o HDL.",10400,Aguacates,
161,Paquete 4 Unidades(injerto),"El paquete viene En tres estados de maduración para que tengas fruta toda la semana El aguacate tiene numerosas propiedades y beneficios para la salud. Pero, sin duda, la más destacable es lo saludable que es para el corazón. Esto es debido a que contiene ácido oleico. Esta grasa monoinsaturada logra reducir el colesterol malo o LDL y aumentar el bueno o HDL.",14400,Aguacates,
162,Caja (6-8 unidades),Aguacate criollo o injerto tamaño pequeño calidad segunda.,14900,Promociones del Día,
163,"Caja Baby (35 unidades, 3 estados maduración)","La caja viene en tres estados de maduración para que tengas fruta toda la semana. El aguacate tiene numerosas propiedades y beneficios para la salud, siendo la más destacable lo saludable que es para el corazón, debido a su contenido de ácido oleico que reduce el colesterol malo (LDL) y aumenta el bueno (HDL).",11000,Promociones del Día,
164,Caja (35 unidades),"La caja viene en tres estados de maduración para que tengas fruta toda la semana. El aguacate tiene numerosas propiedades y beneficios para la salud, siendo la más destacable lo saludable que es para el corazón, debido a su contenido de ácido oleico que reduce el colesterol malo (LDL) y aumenta el bueno (HDL).",15900,Promociones del Día,
165,3 unidades (aprox. 1.5 kilos),3 unidades variedad injerto en tres estados de maduración. Aproximadamente 1.5 kilos,7500,Ofertas Ahorro,
166,Combo (1 caja x 24 unidades + Arándanos x 250 grs),Combo 1 caja de aguacates x 24 unidades + Arándanos x 250 grs Orgánicos,29900,Ofertas Ahorro,
167,Precio oferta,Combo#1 1.000gr de fresas premium + 900gr de kiwis premium de la mejor calidad frescos y listo para disfrutar,30000,Combos y Ofertas,
168,Precio regular,Combo#1 1.000gr de fresas premium + 900gr de kiwis premium de la mejor calidad frescos y listo para disfrutar,34100,Combos y Ofertas,
169,Unidad,Fresas premium X 500grs Arándanos x 250 Paquete X 4 Unidades PREMIUM en tres estados de maduración Arándanos Orgánicos x 250 grs Fresas x 500 gr,26600,Combos y Ofertas,
170,Unidad,Arándanos x 250 grs Fresas 1000gr Caja de 24 unidades* aguacate,40500,Combos y Ofertas,
171,Unidad,Qué Incluye: Envío gratis Caja de 24 aguacates hass mediano Fresas premium (500 gr) Banano criollo (1 Kilo) Tomate Chonto (500 gr) Cebolla Cabezona (500 gr) Papa Sabanera (500 gr) Zanahoria (500 gr) Pasta de Ajo (100 gr) Arándanos Orgánicos (125 gr) Uva isabelina (Bandeja 400 gr) Duraznos (500 gr) Limón Tahiti (1000 gr),68900,Combos y Ofertas,
172,Manzanilla Paquete 100grs pequeño,"La manzanilla se usa como remedio para dolores estomacales, tratamiento de úlceras gástricas y gastritis.",3000,Hierbas,
173,200grs mediano,"La manzanilla se usa como remedio para dolores estomacales, tratamiento de úlceras gástricas y gastritis.",3700,Hierbas,
174,Hierbabuena Paquete x200grs,"La hierbabuena se usa para varios propósitos como la memoria, la digestión, la osteoartritis, las náuseas y los vómitos después de una cirugía.",3000,Hierbas,
175,Albahaca Paquete x100grs,La albahaca favorece la digestión de los alimentos y ayuda a atenuar los espasmos gástricos,3900,Hierbas,
176,Laurel Paquete 200grs,"El laurel tiene beneficios respiratorios, especialmente para la congestión nasal y la tos.",3000,Hierbas,
177,Orégano Paquete X100grs,"El orégano es conocido por ser antioxidante y ayudar a combatir bacterias, virus y hongos",6000,Hierbas,
178,Paquete x200grs,"La caléndula es antiinflamatorio y cicatrizante, ayuda a problemas digestivos y menstruales, entre otros usos.",3000,Hierbas,
179,Paquete x100grs,El diente de león sirve para problemas digestivos leves y para limpiar las vías urinarias y los riñones.,3800,Hierbas,
180,Unidad,,0,Hierbas,
181,Paquete x200grs,"El romero tiene propiedades antinflamatorias y antiespasmódicas, pues es tratamiento para el estreñimiento y la digestión de alimentos.",3000,Hierbas Aromáticas y Medicinales,
182,Paquete x200grs,El eucalipto sirve para tratar enfermedades respiratorias y antiséptico natural. Revisar contraindicaciones por su médico.,3000,Hierbas Aromáticas y Medicinales,
183,Paquete x100grs,"El tomillo es una planta aromática que se usa como condimento y medicina natural para combatir cólicos, dolores de estómago o gases.",4000,Hierbas Aromáticas y Medicinales,
184,Paquete x100grs,"La menta es una planta vital para los problemas digestivos y respiratorios, también combate los dolores de cabeza fuertes y sirve como antiparasitario muy efectivo.",3800,Hierbas Aromáticas y Medicinales,
185,Hoja mediana,"La sábila es útil para afecciones de la piel y quemaduras, sirve como hidratante para las pieles secas y atenuar las arrugas, laxante o depurativo(favorece el tránsito intestinal).",4000,Hierbas Aromáticas y Medicinales,
186,X125grs,-Protege el corazón -Posee acción antiinflamatoria -Previene la diabetes -Mejora la memoria - Es adecuado ante las infecciones de orina -Tiene efectos beneficiosos sobre la visión - Perfectos para dietas de adelgazamiento,7900,Frutos rojos,
187,X250grs (Ahorro),-Protege el corazón -Posee acción antiinflamatoria -Previene la diabetes -Mejora la memoria - Es adecuado ante las infecciones de orina -Tiene efectos beneficiosos sobre la visión - Perfectos para dietas de adelgazamiento,14300,Frutos rojos,
188,x125 grs,"Su ciclo de vida es muy corto 1-2 días Las frambuesas son ricas en calcio, potasio, vitamina B9 (ácido fólico) y vitamina C. Sus fitonutrientes disminuyen el estrés oxidativo y la inflamación de las células. Favorece la salud ocular y de la piel.",8500,Frutos Rojos,
189,x250 grs (Ahorro),"Su ciclo de vida es muy corto 1-2 días Las frambuesas son ricas en calcio, potasio, vitamina B9 (ácido fólico) y vitamina C. Sus fitonutrientes disminuyen el estrés oxidativo y la inflamación de las células. Favorece la salud ocular y de la piel.",16000,Frutos Rojos,
190,x120 grs,"El agraz ayuda a desintoxicar el cuerpo, por lo que es ideal para prevenir infecciones urinarias, también ayuda a aliviar los síntomas del estreñimiento y otras enfermedades del sistema digestivo.",5500,Frutos Rojos,
191,x 240 grs (Ahorro),"El agraz ayuda a desintoxicar el cuerpo, por lo que es ideal para prevenir infecciones urinarias, también ayuda a aliviar los síntomas del estreñimiento y otras enfermedades del sistema digestivo.",9500,Frutos Rojos,
192,x125 grs,"Es una gran fuente de fibra y de vitamina C Y por la presencia de las vitaminas C y A contribuyen a nutrir los huesos, los dientes, la piel, la generación de colágeno o la absorción de hierro.",11000,Frutos Rojos,
193,x250 grs (Ahorro),"Es una gran fuente de fibra y de vitamina C Y por la presencia de las vitaminas C y A contribuyen a nutrir los huesos, los dientes, la piel, la generación de colágeno o la absorción de hierro.",19900,Frutos Rojos,
194,X500 gr,"La fresa es una abundante fuente de vitamina C, que es un antioxidante y previene los resfriados, infecciones y también fortalece los huesos y los dientes. Cuenta con antocianinas (sustancia química que da su color) y ayuda a prevenir el envejecimiento prematuro de la piel y la arteriosclerosis.",8500,Frutos Rojos,
195,X 1000 gr,,15500,Frutos Rojos,
196,Unidad,,4300,Frutos Rojos,
197,X500grs,,6300,Frutos Rojos,
198,x1000grs (Ahorro),,10500,Frutos Rojos,
199,Bandeja x 400grs,"Las uvas, una fruta que te ayudará a controlar los niveles de azúcar en sangre y la presión arterial Es un alimento rico en antioxidantes, también es diurética, antiinflamatoria y ayuda a cuidar la vista El consumo de uvas podría ser beneficioso para la microbiota, según un nuevo estudio.",4000,Frutos Rojos,
200,Bandeja x800grs (Ahorro),"Las uvas, una fruta que te ayudará a controlar los niveles de azúcar en sangre y la presión arterial Es un alimento rico en antioxidantes, también es diurética, antiinflamatoria y ayuda a cuidar la vista El consumo de uvas podría ser beneficioso para la microbiota, según un nuevo estudio.",6900,Frutos Rojos,
201,X500 grs,Uva chilena importada Premium,16300,Uvas,
202,X1000grs (Ahorro),Uva chilena importada Premium,31000,Uvas,
203,Bandeja x 400grs,Uva red globe nacional,8800,Uvas,
204,X 800grs (Ahorro),Uva red globe nacional,16500,Uvas,
205,x500grs,"Durazno: es una buena fuente de betacaroteno, vitaminas del complejo B como B1, B2, vitamina C y vitamina K. Contiene magnesio, calcio, fósforo, también contiene luteína, bioflavonoides y antioxidantes que ayudan a estimular el sistema inmunológico",5200,Tropicales,
206,X1000grs (Ahorro),"Durazno: es una buena fuente de betacaroteno, vitaminas del complejo B como B1, B2, vitamina C y vitamina K. Contiene magnesio, calcio, fósforo, también contiene luteína, bioflavonoides y antioxidantes que ayudan a estimular el sistema inmunológico",9900,Tropicales,
207,Bandeja (4 a 5 unidades),"La granadilla te puede ayudar a prevenir el estreñimiento, los malestares de la gastritis y la acidez. Además, si la consumes con sus semillas le brinda a tu cuerpo un alto contenido de fibra, potasio, calcio, fósforo, hierro, vitaminas, proteínas y carbohidratos.",7400,Frutas,
208,2 Bandejas (Ahorro),"La granadilla te puede ayudar a prevenir el estreñimiento, los malestares de la gastritis y la acidez. Además, si la consumes con sus semillas le brinda a tu cuerpo un alto contenido de fibra, potasio, calcio, fósforo, hierro, vitaminas, proteínas y carbohidratos.",13000,Frutas,
209,x1 Bandeja (6 unidades),"Ayudan a purificar la sangre, a limpiar el intestino y favorecen la salud del hígado. Tienen un alto contenido en hierro, mineral que combate la anemia y su jugo es ideal para tratar la fiebre",9500,Frutas,
210,x2 bandejas (Ahorro),"Ayudan a purificar la sangre, a limpiar el intestino y favorecen la salud del hígado. Tienen un alto contenido en hierro, mineral que combate la anemia y su jugo es ideal para tratar la fiebre",17000,Frutas,
211,x1 Bandeja (6 unidades),"La manzana verde es uno de los mejores alimentos para diabéticos, ya que gracias a su alto contenido en fibra ayuda a regular la presencia de glucosa en sangre. También ayuda a todos aquellos que estén en fase de prediabetes a retrasar el desarrollo de esta enfermedad",11000,Frutas,
212,x2 Bandejas (Ahorro),"La manzana verde es uno de los mejores alimentos para diabéticos, ya que gracias a su alto contenido en fibra ayuda a regular la presencia de glucosa en sangre. También ayuda a todos aquellos que estén en fase de prediabetes a retrasar el desarrollo de esta enfermedad",19900,Frutas,
213,X1 Bandeja (6 unidades),Previene el estreñimiento. Su alto contenido en fibra favorece el tránsito intestinal y ayuda a la digestión de las grasas. Poder antioxidante. ... Mejora el sistema inmune. ... Favorece el bienestar. ... Perfecto para hacer dieta. ... Es muy nutritiva. ... Disminuye la fatiga. ... Buena para los dientes.,9500,Frutas,
214,x2 Bandejas (Ahorro),"El rambután se compone de ácido gálico y una cantidad de antioxidantes, que ayudan a combatir el envejecimiento prematuro. Refuerza el sistema inmunológico. Debido a su contenido en vitamina C fortalece el sistema inmunológico. Fortalece huesos.",18000,Frutas,
215,x250 grs,"El rambután se compone de ácido gálico y una cantidad de antioxidantes, que ayudan a combatir el envejecimiento prematuro. Refuerza el sistema inmunológico. Debido a su contenido en vitamina C fortalece el sistema inmunológico. Fortalece huesos.",12500,Frutas,
216,x500grs,"El rambután se compone de ácido gálico y una cantidad de antioxidantes, que ayudan a combatir el envejecimiento prematuro. Refuerza el sistema inmunológico. Debido a su contenido en vitamina C fortalece el sistema inmunológico. Fortalece huesos.",24000,Frutas,
217,x1 Bandeja (4-5 unidades),"Por su bajo contenido en sodio e hidratos de carbono,",7500,Frutas,
218,x2 Bandeja (Ahorro),"Por su bajo contenido en sodio e hidratos de carbono,",13500,Frutas,
219,x500grs,"Los limones contienen vitamina C, un poderoso antioxidante, y son una fuente de compuestos vegetales llamados flavonoides, que tienen efectos antioxidantes y antiinflamatorios. Los antioxidantes son compuestos que ayudan a proteger las células del cuerpo del daño.",3700,Frutas,
220,x1000grs,"Los limones contienen vitamina C, un poderoso antioxidante, y son una fuente de compuestos vegetales llamados flavonoides, que tienen efectos antioxidantes y antiinflamatorios. Los antioxidantes son compuestos que ayudan a proteger las células del cuerpo del daño.",6000,Frutas,
221,x500grs,"El Tomate de Árbol Además de polifenoles, el tomate de árbol es rico en licopeno, carotenoide conocido por su alto poder antioxidante; se ha demostrado que el consumo de frutas ricas en carotenoides ejerce un efecto protectivo hacia el desarrollo de hiperglicemia.",3300,Frutas,
222,X1000gr,"El Tomate de Árbol Además de polifenoles, el tomate de árbol es rico en licopeno, carotenoide conocido por su alto poder antioxidante; se ha demostrado que el consumo de frutas ricas en carotenoides ejerce un efecto protectivo hacia el desarrollo de hiperglicemia.",5400,Frutas,
223,x500grs,"El Tomate de Árbol Además de polifenoles, el tomate de árbol es rico en licopeno, carotenoide conocido por su alto poder antioxidante; se ha demostrado que el consumo de frutas ricas en carotenoides ejerce un efecto protectivo hacia el desarrollo de hiperglicemia.",4500,Frutas,
224,x1000grs Ahorro,"El Tomate de Árbol Además de polifenoles, el tomate de árbol es rico en licopeno, carotenoide conocido por su alto poder antioxidante; se ha demostrado que el consumo de frutas ricas en carotenoides ejerce un efecto protectivo hacia el desarrollo de hiperglicemia.",7500,Frutas,
225,x1 (160grs),"Disminuye la fatiga durante el ejercicio. Aporta una buena porción de fibra dietética. Fortalece huesos, dientes y encías. El Borojo Es una fuente de fósforo. Mejora el funcionamiento del corazón, sistema nervioso y digestivo. Es rica en vitamina C y antioxidantes.",3500,Frutas,
226,x2 (320grs)(Ahorro),"Disminuye la fatiga durante el ejercicio. Aporta una buena porción de fibra dietética. Fortalece huesos, dientes y encías. El Borojo Es una fuente de fósforo. Mejora el funcionamiento del corazón, sistema nervioso y digestivo. Es rica en vitamina C y antioxidantes.",5500,Frutas,
227,X2000grs maya,"Las Naranjas Son ricas en calcio, que protege los huesos y dientes, manteniéndolos sanos. Su consumo ayuda a reducir la absorción de grasas y a bajar el colesterol y la tensión. Tiene propiedades antiinflamatorias, por lo que es beneficiosa para las personas con artritis.",6300,Frutas,
228,X4000grs (Ahorro),"Las Naranjas Son ricas en calcio, que protege los huesos y dientes, manteniéndolos sanos. Su consumo ayuda a reducir la absorción de grasas y a bajar el colesterol y la tensión. Tiene propiedades antiinflamatorias, por lo que es beneficiosa para las personas con artritis.",11400,Frutas,
229,Kilo,Fuente de carbohidratos. Gran aporte de vitaminas. Fuente de minerales. Protege nuestro corazón. Reducen la fatiga y el cansancio. Previene la anemia. Estimula el sistema nervioso. Regula la función intestinal.,7400,Frutas,
230,x500grs,GULUPA ES UNA ALTA FUENTE DE FIBRA. UNA ALTA FUENTE DE VITAMINA C. UNA ALTA FUENTE DE VITAMINA A. UNA BUENA FUENTE DE POTASIO. UNA FUENTE NATURAL DE HIERRO. UNA FUENTE NATURAL DE FÓSFORO. UNA FUENTE NATURAL DE MAGNESIO.,3700,Frutas,
231,x1000grs (Ahorro),GULUPA ES UNA ALTA FUENTE DE FIBRA. UNA ALTA FUENTE DE VITAMINA C. UNA ALTA FUENTE DE VITAMINA A. UNA BUENA FUENTE DE POTASIO. UNA FUENTE NATURAL DE HIERRO. UNA FUENTE NATURAL DE FÓSFORO. UNA FUENTE NATURAL DE MAGNESIO.,5900,Frutas,
232,x1 Bandeja,La Pitaya Propiedades y beneficios Refuerza el sistema inmunológico. ... Posee efectos antiinflamatorios. ... Regula el tránsito intestinal. ... Reduce el nivel de azúcar en sangre. ... Evita la anemia ferropénica. ... Mejora el estado de huesos y articulaciones. ... Ayuda en las dietas de adelgazamiento. ... Retrasa el envejecimiento celular.,5900,Frutas,
233,x2 Bandejas (Ahorro),La Pitaya Propiedades y beneficios Refuerza el sistema inmunológico. ... Posee efectos antiinflamatorios. ... Regula el tránsito intestinal. ... Reduce el nivel de azúcar en sangre. ... Evita la anemia ferropénica. ... Mejora el estado de huesos y articulaciones. ... Ayuda en las dietas de adelgazamiento. ... Retrasa el envejecimiento celular.,10500,Frutas,
234,x1 Bandeja,"Recomendada para diabetes, hipertensión y afecciones de corazón y vasos sanguíneos. Esta fruta se caracteriza por un bajo aporte en hidratos de carbono, lo que hace de ella un buen alimento para ser tomado por personas que padecen de diabetes, así como por ser rica en potasio",5500,Frutas,
235,x2 Bandejas (Ahorro),"Recomendada para diabetes, hipertensión y afecciones de corazón y vasos sanguíneos. Esta fruta se caracteriza por un bajo aporte en hidratos de carbono, lo que hace de ella un buen alimento para ser tomado por personas que padecen de diabetes, así como por ser rica en potasio",10000,Frutas,
236,x500grs,"El mango es una fruta versátil, su ingesta diaria puede ayudar a prevenir cáncer de seno, de la sangre (leucemia), de próstata y de colon, combate la sequedad ocular, ayuda a la absorción de hierro,",5000,Frutas,
237,x1000grs (Ahorro),"El mango es una fruta versátil, su ingesta diaria puede ayudar a prevenir cáncer de seno, de la sangre (leucemia), de próstata y de colon, combate la sequedad ocular, ayuda a la absorción de hierro,",7500,Frutas,
238,x1 Bandeja 400grs,,4500,Frutas,
239,x2 Bandejas 800grs,,7500,Frutas,
240,x1 Bandeja,"Las peras son ricas en sales minerales y en vitaminas C y A. La vitamina A es necesaria para el buen funcionamiento de la vista, para el crecimiento óseo",9000,Frutas,
241,x2 Bandejas (Ahorro),"Las peras son ricas en sales minerales y en vitaminas C y A. La vitamina A es necesaria para el buen funcionamiento de la vista, para el crecimiento óseo",17500,Frutas,
242,x500grs,"La ciruela es considerada una fruta cítrica que aporta vitamina C, entonces se ha visto que el poder antioxidante que tiene por contener antocianina y al ser una fruta de color rojo",4200,Frutas,
243,x1 Unidad mediano,"Los beneficios del coco para la salud Se ha estimado que el 50 % de la grasa del coco es ácido láurico, un tipo de lípido que aumenta los niveles de colesterol bueno y reduce el riesgo de padecer enfermedades cardiovasculares. Además, este ácido posee tiene propiedades antibacterianas, antifúngicas y antivirales.",9990,Fruits,
244,x2 cocos (Ahorro),"Los beneficios del coco para la salud Se ha estimado que el 50 % de la grasa del coco es ácido láurico, un tipo de lípido que aumenta los niveles de colesterol bueno y reduce el riesgo de padecer enfermedades cardiovasculares. Además, este ácido posee tiene propiedades antibacterianas, antifúngicas y antivirales.",17000,Fruits,
245,x1 Unidad 165grs,"El Tamarindo Tiene un alto contenido de vitamina C, E y B1. Posee minerales como el calcio, zinc, potasio, hierro, fósforo y magnesio. Favorece el transporte de oxígeno en el sistema circulatorio. Regula el nivel de colesterol en la sangre",5500,Fruits,
246,x2 Unidades (Ahorro),"El Tamarindo Tiene un alto contenido de vitamina C, E y B1. Posee minerales como el calcio, zinc, potasio, hierro, fósforo y magnesio. Favorece el transporte de oxígeno en el sistema circulatorio. Regula el nivel de colesterol en la sangre",8500,Fruits,
247,x500grs,"Mandarina el alto nivel de nutrientes de la mandarina nos protege contra problemas cardíacos, infecciones, anemias, alergias, diabetes y varios tipos de cáncer. Asimismo, contribuye a combatir el colesterol, estreñimiento, presión arterial, deshidratación, obesidad y estrés.",4600,Fruits,
248,x1000grs (Ahorro),"Mandarina el alto nivel de nutrientes de la mandarina nos protege contra problemas cardíacos, infecciones, anemias, alergias, diabetes y varios tipos de cáncer. Asimismo, contribuye a combatir el colesterol, estreñimiento, presión arterial, deshidratación, obesidad y estrés.",7900,Fruits,
249,Kilo,Banano Fuente de carbohidratos. Gran aporte de vitaminas. Fuente de minerales. Protege nuestro corazón. Reducen la fatiga y el cansancio. Previene la anemia. Estimula el sistema nervioso. Regula la función intestinal.,7500,Fruits,
250,X500grs,Arveja desgranada,15000,Desgranados,
251,X1000grs,Arveja desgranada,28000,Desgranados,
252,X500grs,Frijol desgranado,8100,Desgranados,
253,X1000gr,Frijol desgranado,15900,Desgranados,
254,X500grs,Arveja Amarila Ecómica,9500,Desgranados,
255,X1000grs,Arveja Amarila Ecómica,17500,Desgranados,
256,X500 grs,"El maíz es fuente natural de fibra insoluble la cual previene el tránsito intestinal lento, estimulando los movimientos peristálticos del tracto digestivo, además contiene fibra soluble la cual tiene propiedades en cuanto a la disminución de azúcar y grasa en la sangre",7800,Fresh Produce,
257,X 1000 grs,"El maíz es fuente natural de fibra insoluble la cual previene el tránsito intestinal lento, estimulando los movimientos peristálticos del tracto digestivo, además contiene fibra soluble la cual tiene propiedades en cuanto a la disminución de azúcar y grasa en la sangre",13800,Fresh Produce,
258,X500 grs,,8800,Fresh Produce,
259,X1000 grs (Ahorro),,15800,Fresh Produce,
260,bandeja X500 grs,,7900,Fresh Produce,
261,Dos bandejas 1000gr (Ahorro),,13900,Fresh Produce,
262,Platano Paquete x 4 Unidades,Mejorar el funcionamiento del intestino. ... Prevenir la diabetes. ... Disminuir el colesterol LDL. ... Combatir la depresión. ... Prevenir enfermedades cardiovasculares. ... Ayudar en el proceso de pérdida de peso.,6800,Gourmet,
263,4uni 1500 grs,Mejorar el funcionamiento del intestino. ... Prevenir la diabetes. ... Disminuir el colesterol LDL. ... Combatir la depresión. ... Prevenir enfermedades cardiovasculares. ... Ayudar en el proceso de pérdida de peso.,8900,Gourmet,
264,8uni 3000grs,Mejorar el funcionamiento del intestino. ... Prevenir la diabetes. ... Disminuir el colesterol LDL. ... Combatir la depresión. ... Prevenir enfermedades cardiovasculares. ... Ayudar en el proceso de pérdida de peso.,16700,Gourmet,
265,X 250grs,"Las mini-mazorcas son ricas en nutrientes y una porción de 12 taza cumple con el 4% del valor diario recomendado de vitamina A y hierro y con el 2% del valor diario de vitamina C. Como nutrientes esenciales para el sistema inmune, las vitaminas A y C ayudan a tu cuerpo a combatir infecciones",8500,Vegetables,
266,X500grs,"Las mini-mazorcas son ricas en nutrientes y una porción de 12 taza cumple con el 4% del valor diario recomendado de vitamina A y hierro y con el 2% del valor diario de vitamina C. Como nutrientes esenciales para el sistema inmune, las vitaminas A y C ayudan a tu cuerpo a combatir infecciones",16000,Vegetables,
267,X 250grs,"Las coles de Bruselas están repletas de vitaminas, minerales y fibra. Usted puede confiar en que estas coles le brinden soporte a su sistema inmunitario, la salud de la sangre y los huesos, y más. Comer solo unas pocas coles de Bruselas le proporcionará mucha vitamina C y vitamina K.",5500,Vegetables,
268,X 250grs,"Las coles de Bruselas están repletas de vitaminas, minerales y fibra. Usted puede confiar en que estas coles le brinden soporte a su sistema inmunitario, la salud de la sangre y los huesos, y más. Comer solo unas pocas coles de Bruselas le proporcionará mucha vitamina C y vitamina K.",7500,Vegetables,
269,X500grs(Ahorro),"Las coles de Bruselas están repletas de vitaminas, minerales y fibra. Usted puede confiar en que estas coles le brinden soporte a su sistema inmunitario, la salud de la sangre y los huesos, y más. Comer solo unas pocas coles de Bruselas le proporcionará mucha vitamina C y vitamina K.",13800,Vegetables,
270,bandeja pequeña,Fuente de Vitaminas. ... Quema de calorías. ... Mayor oxigenación. ... Sensación de Plenitud. ... Protector gástrico. ... Mejora al corazón. ... Efecto antioxidante. ... Combate el Acné,2800,Vegetables,
271,bandeja 140g,Fuente de Vitaminas. ... Quema de calorías. ... Mayor oxigenación. ... Sensación de Plenitud. ... Protector gástrico. ... Mejora al corazón. ... Efecto antioxidante. ... Combate el Acné,3800,Vegetables,
272,bandeja 300g,Fuente de Vitaminas. ... Quema de calorías. ... Mayor oxigenación. ... Sensación de Plenitud. ... Protector gástrico. ... Mejora al corazón. ... Efecto antioxidante. ... Combate el Acné,6000,Vegetables,
273,x125 grs,"Contiene vitaminas B y E, además de ser una buena fuente de hierro y potasio. Es rico en capsaicina que ayuda a quemar grasa durante el proceso digestivo. Acelera el metabolismo hasta en un 25%, reduce el apetito y limpia el estómago. El chile tiene efectos antiinflamatorios y es un anticoagulante natural.",2800,Vegetables,
274,x125 grs,"Contiene vitaminas B y E, además de ser una buena fuente de hierro y potasio. Es rico en capsaicina que ayuda a quemar grasa durante el proceso digestivo. Acelera el metabolismo hasta en un 25%, reduce el apetito y limpia el estómago. El chile tiene efectos antiinflamatorios y es un anticoagulante natural.",3800,Vegetables,
275,x250 grs(Ahorro),Enteros frescos blancos de la mejor calidad,6000,Hongos y Maíz,
276,X250 grs,Enteros frescos blancos de la mejor calidad,10000,Hongos y Maíz,
277,X500grs,Enteros frescos blancos de la mejor calidad,18500,Hongos y Maíz,
278,X1000grs,Enteros frescos blancos de la mejor calidad,27900,Hongos y Maíz,
279,Champiñones tajados x 70grs bandeja,"el champiñón es fuente de vitaminas del Grupo B y D además de minerales como el potasio, el fósforo y el hierro, entre otros. Esta composición lo convierte en un posible aliado en la prevención de enfermedades como el cáncer, la diabetes o el deterioro cognitivo.",3500,Hongos y Maíz,
280,X 1 unidad,"el champiñón es fuente de vitaminas del Grupo B y D además de minerales como el potasio, el fósforo y el hierro, entre otros. Esta composición lo convierte en un posible aliado en la prevención de enfermedades como el cáncer, la diabetes o el deterioro cognitivo.",4000,Hongos y Maíz,
281,X 2 unidades (Ahorro),"el champiñón es fuente de vitaminas del Grupo B y D además de minerales como el potasio, el fósforo y el hierro, entre otros. Esta composición lo convierte en un posible aliado en la prevención de enfermedades como el cáncer, la diabetes o el deterioro cognitivo.",7500,Hongos y Maíz,
282,Mazorca premium bandeja 3 unidades,Antioxidantes: El maíz es fuente de antioxidantes que combaten los radicales libres y el envejecimiento celular. Saciante: Rico en fibra e hidratos de carbono el maíz es saciante y ayuda a controlar nuestro apetito.,5000,Hongos y Maíz,
283,X1 Bandeja,Antioxidantes: El maíz es fuente de antioxidantes que combaten los radicales libres y el envejecimiento celular. Saciante: Rico en fibra e hidratos de carbono el maíz es saciante y ayuda a controlar nuestro apetito.,8800,Hongos y Maíz,
284,X2 Bandejas (Ahorro),Antioxidantes: El maíz es fuente de antioxidantes que combaten los radicales libres y el envejecimiento celular. Saciante: Rico en fibra e hidratos de carbono el maíz es saciante y ayuda a controlar nuestro apetito.,16500,Hongos y Maíz,
285,500gr,"La fibra de esta hortaliza ayuda a prevenir el estreñimiento y las enfermedades del intestino; además, regula los niveles de azúcar y el colesterol en sangre. Las vitaminas que contiene cuidan al sistema inmunitario.",4900,Hortalizas,
286,1000gr Ahorro,"La fibra de esta hortaliza ayuda a prevenir el estreñimiento y las enfermedades del intestino; además, regula los niveles de azúcar y el colesterol en sangre. Las vitaminas que contiene cuidan al sistema inmunitario.",8500,Hortalizas,
287,1000gr (Ahorro),"La fibra de esta hortaliza ayuda a prevenir el estreñimiento y las enfermedades del intestino; además, regula los niveles de azúcar y el colesterol en sangre. Las vitaminas que contiene cuidan al sistema inmunitario.",7500,Hortalizas,
288,500gr,"La fibra de esta hortaliza ayuda a prevenir el estreñimiento y las enfermedades del intestino; además, regula los niveles de azúcar y el colesterol en sangre. Las vitaminas que contiene cuidan al sistema inmunitario.",3900,Hortalizas,
289,X 250 grs,Los tomates uva son más oblongos que los tomates cherry y se parecen más a las uvas en términos de su forma (de ahí el nombre de tomate uva!). También son más pequeños que los tomates cherry (aproximadamente la mitad del tamaño) y tienen una piel más gruesa. Los tomates uva tampoco son tan dulces como los tomates cherry y su carne es más carnosa y menos acuosa.,7500,Hortalizas,
290,X500grs(Ahorro),Los tomates uva son más oblongos que los tomates cherry y se parecen más a las uvas en términos de su forma (de ahí el nombre de tomate uva!). También son más pequeños que los tomates cherry (aproximadamente la mitad del tamaño) y tienen una piel más gruesa. Los tomates uva tampoco son tan dulces como los tomates cherry y su carne es más carnosa y menos acuosa.,13800,Hortalizas,
291,X 250 grs,"Fuente de vitamina A: contiene una cantidad importante de vitamina A, básicamente en forma de carotenoides, concretamente de licopeno. Estos pigmentos son, a su vez, responsables del color de esta verdura. La vitamina A es esencial para la piel y los dientes.",6600,Hortalizas,
292,x 500 gr,Producto sin nombre identificado en este segmento del menú. Los siguientes son los detalles de sus variantes.,25000,Hortalizas Frescas,
293,X 1000gr (Ahorro),Producto sin nombre identificado en este segmento del menú. Los siguientes son los detalles de sus variantes.,48000,Hortalizas Frescas,
294,X 500grs,Mejora la vista. Protege la dentadura. Ayuda en los problemas intestinales. Tiene propiedades diuréticas. Por su elevado contenido en agua son diuréticas y ayudan a la desintegración de los cálculos renales. Proporcionan energía al cerebro. Buena para uñas y cabello,3400,Hortalizas Frescas,
295,X 1000gr Ahorro,Mejora la vista. Protege la dentadura. Ayuda en los problemas intestinales. Tiene propiedades diuréticas. Por su elevado contenido en agua son diuréticas y ayudan a la desintegración de los cálculos renales. Proporcionan energía al cerebro. Buena para uñas y cabello,5500,Hortalizas Frescas,
296,X 500grs,Es un potente anticancerígeno. Controla la tensión arterial. Ayuda a prevenir ataques de asma. Es un alimento excelente para atletas. Contribuye al buen estado de la vista.,4800,Hortalizas Frescas,
297,X 1000gr Ahorro,Es un potente anticancerígeno. Controla la tensión arterial. Ayuda a prevenir ataques de asma. Es un alimento excelente para atletas. Contribuye al buen estado de la vista.,7800,Hortalizas Frescas,
298,X 1 kilo,,7500,Hortalizas Frescas,
299,Cebolla cabezona blanca,,0,Hortalizas Frescas,
300,X 500grs,"Las cebollas son una fuente de fibra, lo que contribuye a la ingesta de fibras solubles. El tipo de fibra presente en las cebollas puede reducir la probabilidad de desarrollar enfermedades cardiovasculares",4900,Verduras,
301,X 1000gr (Ahorro),"Las cebollas son una fuente de fibra, lo que contribuye a la ingesta de fibras solubles. El tipo de fibra presente en las cebollas puede reducir la probabilidad de desarrollar enfermedades cardiovasculares",8900,Verduras,
302,X 500grs,"Las cebollas son una fuente de fibra, lo que contribuye a la ingesta de fibras solubles. El tipo de fibra presente en las cebollas puede reducir la probabilidad de desarrollar enfermedades cardiovasculares",6200,Verduras,
303,X 1000gr Ahorro,"Las cebollas son una fuente de fibra, lo que contribuye a la ingesta de fibras solubles. El tipo de fibra presente en las cebollas puede reducir la probabilidad de desarrollar enfermedades cardiovasculares",10900,Verduras,
304,X250,Tallos de de apio bandeja,4500,Verduras,
305,X500,Tallos de de apio bandeja,8800,Verduras,
306,X1 Unidad Aprox 500grs,"El apio, rico en fibra, es también un excelente regulador del tránsito intestinal. Previene el estreñimiento, favorece una buena digestión,",4400,Verduras,
307,X2 Aprox 1000 grs (Ahorro),"El apio, rico en fibra, es también un excelente regulador del tránsito intestinal. Previene el estreñimiento, favorece una buena digestión,",7900,Verduras,
308,X Bandeja X 400grs,,5500,Verduras,
309,X 800gr (Ahorro),,9900,Verduras,
310,X500grs,Bueno para la anemia. Protege al corazón. Mejora la hipertensión,5500,Verduras,
311,X 1000gr (Ahorro),Bueno para la anemia. Protege al corazón. Mejora la hipertensión,9900,Verduras,
312,Unidad 110grs,"El Ajo tiene entre sus propiedades medicinales naturales la peculiaridad de combatir infecciones respiratorias, dilata los bronquios, fluidifica las mucosas, estimula el sistema inmunológico.",4200,Verduras,
313,2 unidades (Ahorro),"El Ajo tiene entre sus propiedades medicinales naturales la peculiaridad de combatir infecciones respiratorias, dilata los bronquios, fluidifica las mucosas, estimula el sistema inmunológico.",7500,Verduras,
314,X 500grs,"Contiene (ligninas) que ayudan a combatir algunos tipos de cáncer como seno, próstata y uterino. Ayuda a reducir los niveles de colesterol",3600,Verduras,
315,X1 unidad,Rugula Bandeja x 150 grs Aprox,4500,Verduras,
316,unidades (Ahorro),Rugula Bandeja x 150 grs Aprox,7900,Verduras,
317,Una unidad,Kale crespo Bandeja x130grs,3900,Verduras,
318,Dos Unidades (Ahorro),Kale crespo Bandeja x130grs,6500,Verduras,
319,Una unidad,Repollo unidad de 1200 grs Aprox,7300,Verduras,
320,Dos Unidades(Ahorro),Repollo unidad de 1200 grs Aprox,13900,Verduras,
321,500grs,Acelga,3300,Verduras,
322,1000grs (Ahorro),Espinaca fresca en presentación de 1 kilogramo.,6200,Verduras y Hierbas,
323,Paquete,Espinaca fresca en paquete.,8700,Verduras y Hierbas,
324,Paquete x 125 grs,Cilantro en paquete.,3500,Verduras y Hierbas,
325,Paquete x 250 grs (Ahorro),Cilantro en paquete.,6900,Verduras y Hierbas,
326,Pequeño 100 grs,Perejil en paquete.,3000,Verduras y Hierbas,
327,Mediano 200 grs (Ahorro),Perejil en paquete.,5800,Verduras y Hierbas,
328,125grs,Cebollín fresco.,3800,Verduras y Hierbas,
329,250grs,Alcachofa x unidad,7500,Produce,
330,X1 Unidad,Alcachofa x unidad,6000,Produce,
331,X2 unidades,Alcachofa x unidad,11900,Produce,
332,Bandeja x 250g,Raíz china en bandeja,3500,Produce,
333,(2)bandejas 500g,Raíz china en bandeja,5900,Produce,
334,Bandeja x 500 grs,,6500,Produce,
335,Bandeja x 1000 grs,,12800,Produce,
336,Bandeja x 125 grs,,6400,Other Products,
337,2 Bandejas x125gr c/u (Ahorro),,12300,Other Products,
338,x 125 grs,Tiene más proteína que cualquier cereal. Es ideal para veganos. Previene enfermedades. Buena para los diabéticos. Contiene carbohidratos complejos. Posee grasas buenas. Rica en fibra y minerales. Repleta de vitaminas.,4000,SALUDABLES,
339,x120 grs,Tiene más proteína que cualquier cereal. Es ideal para veganos. Previene enfermedades. Buena para los diabéticos. Contiene carbohidratos complejos. Posee grasas buenas. Rica en fibra y minerales. Repleta de vitaminas.,5000,SALUDABLES,
340,x240grs (Ahorro),Tiene más proteína que cualquier cereal. Es ideal para veganos. Previene enfermedades. Buena para los diabéticos. Contiene carbohidratos complejos. Posee grasas buenas. Rica en fibra y minerales. Repleta de vitaminas.,9500,SALUDABLES,
341,x 125 grs,Beneficios de la Chía Son ricas en antioxidantes. Son excelente fuente de fibra. Gran aporte de proteínas buenas. Alto contenido de ácidos grasos Omega-3. Ayudan a tu salud metabólica. Proveen de nutrientes para los huesos. Previenen la diabetes.,4600,SALUDABLES,
342,x 120 grs,Beneficios de la Chía Son ricas en antioxidantes. Son excelente fuente de fibra. Gran aporte de proteínas buenas. Alto contenido de ácidos grasos Omega-3. Ayudan a tu salud metabólica. Proveen de nutrientes para los huesos. Previenen la diabetes.,5600,SALUDABLES,
343,x 240grs (Ahorro),Beneficios de la Chía Son ricas en antioxidantes. Son excelente fuente de fibra. Gran aporte de proteínas buenas. Alto contenido de ácidos grasos Omega-3. Ayudan a tu salud metabólica. Proveen de nutrientes para los huesos. Previenen la diabetes.,9900,SALUDABLES,
344,x 125 grs,"Las semillas de linaza contienen fibra, vitaminas, minerales, proteínas, grasas vegetales saludables y antioxidantes que ayudan a prevenir el daño celular. Estas semillas son una buena fuente de fibra soluble e insoluble que ayudan a mantener sus deposiciones regulares y a prevenir el estreñimiento.",4500,SALUDABLES,
345,X 20grs,"El orégano seco es un condimento que contienen 11 gramos de proteínas, 21,63 gramos de carbohidratos, 10,25 gramos de grasa y 21,63 gramos de azúcar por cada 100 gramos, aportando 308 calorias a la dieta.",3000,Especias,
346,X 40grs (Ahorro),"El orégano seco es un condimento que contienen 11 gramos de proteínas, 21,63 gramos de carbohidratos, 10,25 gramos de grasa y 21,63 gramos de azúcar por cada 100 gramos, aportando 308 calorias a la dieta.",5500,Especias,
347,X 20grs,"Estas hierbas se utilizan como especias y condimentos por sus características organolépticas, que brindan a los alimentos y bebidas aromas, colores y sabores, que los hacen más apetitosos al olfato, vista y paladar.",3000,Especias,
348,X 40grs (Ahorro),"Estas hierbas se utilizan como especias y condimentos por sus características organolépticas, que brindan a los alimentos y bebidas aromas, colores y sabores, que los hacen más apetitosos al olfato, vista y paladar.",5500,Especias,
349,X 20grs,"es una especia sabrosa que es nutritiva para consumir, también se ha utilizado tradicionalmente en la medicina ayurvédica y china para tratar la inflamación, enfermedades de la piel, heridas, dolencias digestivas y condiciones hepáticas.",3000,Especias,
350,X 40grs (Ahorro),"es una especia sabrosa que es nutritiva para consumir, también se ha utilizado tradicionalmente en la medicina ayurvédica y china para tratar la inflamación, enfermedades de la piel, heridas, dolencias digestivas y condiciones hepáticas.",5500,Especias,
351,X 10grs,"mejora las digestiones y ayuda a prevenir los resfriados, ya que es expectorante y posee propiedades analgésicas.",3300,Especias,
352,X 20 grs(Ahorro),"mejora las digestiones y ayuda a prevenir los resfriados, ya que es expectorante y posee propiedades analgésicas.",5500,Especias,
353,X 20grs,"mejora las digestiones y ayuda a prevenir los resfriados, ya que es expectorante y posee propiedades analgésicas.",3400,Especias,
354,X 40grs (Ahorro),"mejora las digestiones y ayuda a prevenir los resfriados, ya que es expectorante y posee propiedades analgésicas.",6200,Especias,
355,X 20grs,"Se emplea para aromatizar una elaboración, pero también es muy utilizado en la elaboración de embutidos al tratarse de un potente conservante",3100,Especias,
356,X 40grs (Ahorro),es un antiácido usado para aliviar la pirosis (acidez estomacal) y la indigestión ácida,5500,Especias y Condimentos,
357,X 20grs,es un antiácido usado para aliviar la pirosis (acidez estomacal) y la indigestión ácida,3200,Especias y Condimentos,
358,X 40grs (Ahorro),es un antiácido usado para aliviar la pirosis (acidez estomacal) y la indigestión ácida,5500,Especias y Condimentos,
359,X 40grs (Ahorro),"es un colorante natural, también llamado anatto, onoto o bijol, el cual se obtiene de un árbol pequeño que da un fruto oval y carnoso y cuyas semillas dan lugar a la especia. Éstas son comestibles y se usan en algunos países como sustituto del azafrán para condimentar y dar color a los platillos.",5500,Especias y Condimentos,
360,X 20grs,"es un colorante natural, también llamado anatto, onoto o bijol, el cual se obtiene de un árbol pequeño que da un fruto oval y carnoso y cuyas semillas dan lugar a la especia. Éstas son comestibles y se usan en algunos países como sustituto del azafrán para condimentar y dar color a los platillos.",3200,Especias y Condimentos,
361,X 40grs (Ahorro),"es un colorante natural, también llamado anatto, onoto o bijol, el cual se obtiene de un árbol pequeño que da un fruto oval y carnoso y cuyas semillas dan lugar a la especia. Éstas son comestibles y se usan en algunos países como sustituto del azafrán para condimentar y dar color a los platillos.",5900,Especias y Condimentos,
362,X 40grs (Ahorro),"Por sus propiedades antiespasmódica, expectorante y antiséptica, el tomillo está especialmente indicado en el tratamiento de ciertas afecciones de las vías respiratorias altas, particularmente las que cursan con tos irritativa, laringitis, bronquitis, asma, enfisema y gripe.",5900,Especias y Condimentos,
363,X 20grs,"Por sus propiedades antiespasmódica, expectorante y antiséptica, el tomillo está especialmente indicado en el tratamiento de ciertas afecciones de las vías respiratorias altas, particularmente las que cursan con tos irritativa, laringitis, bronquitis, asma, enfisema y gripe.",3200,Especias y Condimentos,
364,X 40grs (Ahorro),"Por sus propiedades antiespasmódica, expectorante y antiséptica, el tomillo está especialmente indicado en el tratamiento de ciertas afecciones de las vías respiratorias altas, particularmente las que cursan con tos irritativa, laringitis, bronquitis, asma, enfisema y gripe.",5900,Especias y Condimentos,
365,X 40grs (Ahorro),"Puede ayudar a aliviar los cólicos, problemas estomacales y a eliminar los gases intestinales, combatiendo así la aerofagia.",5900,Especias y Condimentos,
366,X 20grs,"podrían ayudar a tratar algunos trastornos estomacales, como la constipación, la gastritis y la colitis ulcerosa",3200,Especias y Condimentos,
367,X 40grs (Ahorro),"podrían ayudar a tratar algunos trastornos estomacales, como la constipación, la gastritis y la colitis ulcerosa",5900,Especias y Condimentos,
368,X 20grs,"puede ayudarte a adelgazar, mejorar la digestión, aliviar la tos y el resfriado, acelerar el metabolismo y tratar problemas dermatológicos.",3200,Especias y Condimentos,
369,X 40grs (Ahorro),"puede ayudarte a adelgazar, mejorar la digestión, aliviar la tos y el resfriado, acelerar el metabolismo y tratar problemas dermatológicos.",5900,Especias y Condimentos,
370,Paquete x20grs,La paprika es un condimento en polvo obtenido al moler pimientos rojos secos para sazonar distintos platos.,2000,Especias y Condimentos,
371,X 20grs,es un maravilloso anti-inflamatorio y puede servir para aliviar alergias,3600,Especias y Condimentos,
372,X 40grs (Ahorro),es un maravilloso anti-inflamatorio y puede servir para aliviar alergias,6200,Especias y Condimentos,
373,X 20grs,"puede utilizarse para aromatizar platos crudos o cocidos, por ejemplo, ensaladas, salsas, adobos, pizzas, pasta, verduras u hortalizas crudas (por ejemplo, tomate), pestos de hierbas, sopas o salsas.",3200,Especias y Hierbas,
374,X 40grs (Ahorro),"puede utilizarse para aromatizar platos crudos o cocidos, por ejemplo, ensaladas, salsas, adobos, pizzas, pasta, verduras u hortalizas crudas (por ejemplo, tomate), pestos de hierbas, sopas o salsas.",5900,Especias y Hierbas,
375,X 20grs,"funciona como protector del sistema digestivo, además de antidiarreico debido a que aumenta la proporción de bacterias beneficiosas. También favorece la circulación sanguínea, ayuda a prevenir la gripe y los resfriados, y es hipocolesterolemiante, antiinflamatorio y analgésico natural.",3200,Especias y Hierbas,
376,X 40grs (Ahorro),"funciona como protector del sistema digestivo, además de antidiarreico debido a que aumenta la proporción de bacterias beneficiosas. También favorece la circulación sanguínea, ayuda a prevenir la gripe y los resfriados, y es hipocolesterolemiante, antiinflamatorio y analgésico natural.",5900,Especias y Hierbas,
377,X 20grs,"La Stevia es probablemente el endulzante natural más popular. Dentro de las propiedades principales que la destacan se encuentran: su soporte a la diabetes, al control de peso y la reducción de la presión arterial.",3800,Especias y Hierbas,
378,X 40grs (Ahorro),"La Stevia es probablemente el endulzante natural más popular. Dentro de las propiedades principales que la destacan se encuentran: su soporte a la diabetes, al control de peso y la reducción de la presión arterial.",6900,Especias y Hierbas,
379,Paquete x20grs,"Es una especia muy utilizada en la gastronomía como un digestivo, además de darle un olor y sabor único a los platos.",2000,Especias y Hierbas,
380,Paquete x20grs,,2000,Especias y Hierbas,
381,Paquete x20grs,"Esta hierba se usa principalmente para sazonar el ajiaco, también tiene propiedades cicatrizantes y antiinflamatorias.",2000,Especias y Hierbas,
382,Paquete x20grs,"El ajonjolí ayuda a combatir el colesterol malo, siendo combatiente de las enfermedades del corazón y la prevención de las mismas.",2000,Especias y Hierbas,
383,X50 grs,Los usos tradicionales de esta planta son muy variados e incluyen las flores para el tratamiento de diversos problemas incluyendo los siguientes. Sistema circulatorio. Alta presión sanguínea. Niveles altos de grasa en la sangre. Contra la diabetes. Obesidad. El té sin azúcar se usa en México contra la tos.,9900,Especias y Hierbas,
384,X125grs,Los usos tradicionales de esta planta son muy variados e incluyen las flores para el tratamiento de diversos problemas incluyendo los siguientes. Sistema circulatorio. Alta presión sanguínea. Niveles altos de grasa en la sangre. Contra la diabetes. Obesidad. El té sin azúcar se usa en México contra la tos.,25800,Especias y Hierbas,
385,Unidad,"El balsamo labial de aguacate ,es un maravilloso producto que reúne todas las propiedades del la bioemulcion de aguacate Humectar - protege de rayos UV - suavidad -cudado de la piel, restauración de la piel Las materias primas usadas en este balsamo son 100% colombianas compradas directamente a los cultivadores de antioquia y Santander Las propiedades mencionadas son certificadas por un estudio realizado por la universidad de antioquia y la empresa bioingredtech",9000,Productos geniales,
386,Ref # 1,Para un regalo o para ti son hermosos y duraderos,4500,Productos geniales,
387,Ref #2,Para un regalo o para ti son hermosos y duraderos,4500,Productos geniales,
388,Ref #3,Para un regalo o para ti son hermosos y duraderos,4500,Productos geniales,
